borrower_id,collateral_id,current_appraisal_date,current_appraised_value_raw,prior_appraisal_date,prior_appraised_value,origination_appraised_value,Current DSCR,Current DSCR Date,Prior DSCR,Prior DSCR Date,Origination DSCR,Net Operating Income
B001,,,,,,,0,2026-03-31,1.20,2025-12-31,1.35,150000
B002,C-200,2025-01-01,1000000,2023-12-31,950000,900000,1.30,2026-03-31,1.20,2025-12-31,1.40,70000
B002,C-201,2025-02-01,500000,2024-01-31,475000,450000,,,,,,
B002,C-201,2025-02-01,500000,2024-01-31,475000,450000,,,,,,
B003,C-300,2024-12-31,700000,2023-12-31,675000,650000,1.05,2026-03-31,,,1.15,50000
B004,,,,,,,,,0,2025-12-31,,30000
B007,H-700,2025-01-01,0,2024-05-01,350000,360000,,,,,,
B007,H-700,2025-05-01,340000,2024-05-01,350000,360000,,,,,,
B011,,,,,,,0,2026-03-31,1.25,2025-12-31,1.30,40000
